{
  "já": {
    "type": "Personal",
    "person": "First",
    "number": "Singular",
    "fixedForms": {
        "nominative": { "default": "já" },
        "genitive":   { "default": "mě", "rare": "mne" },
        "dative":     { "default": "mně", "clitic": "mi" },
        "accusative": { "default": "mě", "rare": "mne" },
        "vocative":   { "default": "já" },
        "locative":   { "default": "mně" },
        "instrumental": { "default": "mnou" }
    }
  },
  "ty": {
    "type": "Personal",
    "person": "Second",
    "number": "Singular",
    "fixedForms": {
        "nominative": { "default": "ty" },
        "genitive":   { "default": "tebe", "clitic": "tě" },
        "dative":     { "default": "tobě", "clitic": "ti" },
        "accusative": { "default": "tebe", "clitic": "tě" },
        "vocative":   { "default": "ty" },
        "locative":   { "default": "tobě" },
        "instrumental": { "default": "tebou" }
    }
  },
  "on": {
    "type": "Personal",
    "person": "Third",
    "gender": "Masculine",
    "number": "Singular",
    "fixedForms": {
        "nominative": { "default": "on" },
        "genitive":   { "default": "jeho", "afterPreposition": "něho" },
        "dative":     { "default": "jemu", "clitic": "mu", "afterPreposition": "němu" },
        "accusative": { "default": "jeho", "clitic": "ho", "afterPreposition": "něj" },
        "vocative":   { "default": "on" },
        "locative":   { "default": "něm", "afterPreposition": "něm" },
        "instrumental": { "default": "jím", "afterPreposition": "ním" }
    }
  },
  "ona": {
    "type": "Personal",
    "person": "Third",
    "gender": "Feminine",
    "number": "Singular",
    "fixedForms": {
      "nominative": { "default": "ona" },
      "genitive": { "default": "ní" },
      "dative": { "default": "ní" },
      "accusative": { "default": "ji" },
      "locative": { "default": "ní" },
      "instrumental": { "default": "ní" }
    }
  },
  "ono": {
    "type": "Personal",
    "person": "Third",
    "gender": "Neuter",
    "number": "Singular",
    "fixedForms": {
      "nominative": { "default": "ono" },
      "genitive": { "default": "něj" },
      "dative": { "default": "němu" },
      "accusative": { "default": "něj" },
      "locative": { "default": "něm" },
      "instrumental": { "default": "ním" }
    }
  },
  "oni": {
    "type": "Personal",
    "person": "Third",
    "gender": "Masculine",
    "number": "Plural",
    "fixedForms": {
      "nominative": { "default": "oni" },
      "genitive": { "default": "nich" },
      "dative": { "default": "nim" },
      "accusative": { "default": "ně" },
      "locative": { "default": "nich" },
      "instrumental": { "default": "nimi" }
    }
  },
  "ony": {
    "type": "Personal",
    "person": "Third",
    "gender": "Feminine",
    "number": "Plural",
    "fixedForms": {
      "nominative": { "default": "ony" },
      "genitive": { "default": "nich" },
      "dative": { "default": "nim" },
      "accusative": { "default": "ně" },
      "locative": { "default": "nich" },
      "instrumental": { "default": "nimi" }
    }
  },
  "ona_": {
    "type": "Personal",
    "person": "Third",
    "gender": "Neuter",
    "number": "Plural",
    "fixedForms": {
      "nominative": { "default": "ona" },
      "genitive": { "default": "nich" },
      "dative": { "default": "nim" },
      "accusative": { "default": "ně" },
      "locative": { "default": "nich" },
      "instrumental": { "default": "nimi" }
    }
  },
  "můj": {
    "type": "Possessive",
    "paradigmId": "possessive-muj"
  },
  "ten": {
    "type": "Demonstrative",
    "paradigmId": "demonstrative-ten"
  },
  "kdo": {
    "type": "Interrogative",
    "fixedForms": {
      "nominative": { "default": "kdo" },
      "genitive": { "default": "koho" },
      "dative": { "default": "komu" },
      "accusative": { "default": "koho" },
      "locative": { "default": "kom" },
      "instrumental": { "default": "kým" }
    }
  },
  "nikdo": {
    "type": "Negative",
    "fixedForms": {
      "nominative": { "default": "nikdo" },
      "genitive": { "default": "nikoho" },
      "dative": { "default": "nikomu" },
      "accusative": { "default": "nikoho" },
      "locative": { "default": "nikom" },
      "instrumental": { "default": "nikým" }
    }
  },
  "někdo": {
    "type": "Indefinite",
    "fixedForms": {
      "nominative": { "default": "někdo" },
      "genitive": { "default": "někoho" },
      "dative": { "default": "někomu" },
      "accusative": { "default": "někoho" },
      "locative": { "default": "někom" },
      "instrumental": { "default": "někým" }
    }
  },
  "se": {
    "type": "reflexive",
      "fixedForms": {
          "genitive": { "default": "sebe" },
          "dative":   { "default": "sobě", "clitic": "si" },
          "accusative": { "default": "sebe", "clitic": "se" },
          "locative": { "default": "sobě" },
          "instrumental": { "default": "sebou" }
      }
  }
}