{
    "žena": {
        "gender": "feminine",
        "endings": {
            "singular": {
                "1": "-a",
                "2": "-y",
                "3": "-ě",
                "4": "-u",
                "5": "-o",
                "6": "-ě",
                "7": "-ou"
            },
            "plural": {
                "1": "-y",
                "2": "-",
                "3": "-ám",
                "4": "-y",
                "5": "-y",
                "6": "-ách",
                "7": "-ami"
            }
        }
    },
    "předseda": {
        "gender": "masculineAnimate",
        "endings": {
            "singular": {
                "1": "-a",
                "2": "-y",
                "3": "-ovi",
                "4": "-u",
                "5": "-o",
                "6": "-ovi",
                "7": "-ou"
            },
            "plural": {
                "1": "-y",
                "2": "-ů",
                "3": "-ům",
                "4": "-y",
                "5": "-ové",
                "6": "-ech",
                "7": "-y"
            }
        }
    },
    "růže": {
        "gender": "feminine",
        "endings": {
            "singular": {
                "1": "-e",
                "2": "-e",
                "3": "-i",
                "4": "-i",
                "5": "-e",
                "6": "-i",
                "7": "-í"
            },
            "plural": {
                "1": "-e",
                "2": "-í",
                "3": "-ím",
                "4": "-e",
                "5": "-e",
                "6": "-ích",
                "7": "-emi"
            }
        }
    },
    "píseň": {
        "gender": "feminine",
        "stem": "pís",
        "endings": {
            "singular": {
                "1": "-eň",
                "2": "-ně",
                "3": "-ni",
                "4": "-eň",
                "5": "-ni",
                "6": "-ni",
                "7": "-ní"
            },
            "plural": {
                "1": "-ně",
                "2": "-ní",
                "3": "-ním",
                "4": "-ně",
                "5": "-ně",
                "6": "-ních",
                "7": "-němi"
            }
        }
    },
    "kost": {
        "gender": "feminine",
        "stem": "kost",
        "endings": {
            "singular": {
                "1": "-",
                "2": "-i",
                "3": "-i",
                "4": "-",
                "5": "-i",
                "6": "-i",
                "7": "-í"
            },
            "plural": {
                "1": "-i",
                "2": "-í",
                "3": "-em",
                "4": "-i",
                "5": "-i",
                "6": "-ech",
                "7": "-mi"
            }
        }
    },
    "hrad": {
        "gender": "masculineInanimate",
        "stem": "hrad",
        "endings": {
            "singular": {
                "1": "-",
                "2": "-u",
                "3": "-u",
                "4": "-",
                "5": "-e",
                "6": "-ě",
                "7": "-em"
            },
            "plural": {
                "1": "-y",
                "2": "-ů",
                "3": "-ům",
                "4": "-y",
                "5": "-y",
                "6": "-ech",
                "7": "-y"
            }
        }
    },
    "stroj": {
        "gender": "masculineInanimate",
        "stem": "stroj",
        "endings": {
            "singular": {
                "1": "-",
                "2": "-e",
                "3": "-i",
                "4": "-",
                "5": "-i",
                "6": "-i",
                "7": "-em"
            },
            "plural": {
                "1": "-e",
                "2": "-ů",
                "3": "-ům",
                "4": "-e",
                "5": "-e",
                "6": "-ích",
                "7": "-i"
            }
        }
    },
    "pán": {
        "gender": "masculineAnimate",
        "stem": "pán",
        "endings": {
            "singular": {
                "1": "-",
                "2": "-a",
                "3": "-ovi",
                "4": "-a",
                "5": "-e",
                "6": "-ovi",
                "7": "-em"
            },
            "plural": {
                "1": "-i",
                "2": "-ů",
                "3": "-ům",
                "4": "-y",
                "5": "-i",
                "6": "-ech",
                "7": "-y"
            }
        },
        "overrides": {
            "singular": {
                "5": "pane"
            }
        }
    },
    "muž": {
        "gender": "masculineAnimate",
        "stem": "muž",
        "endings": {
            "singular": {
                "1": "-",
                "2": "-e",
                "3": "-i",
                "4": "-e",
                "5": "-i",
                "6": "-i",
                "7": "-em"
            },
            "plural": {
                "1": "-i",
                "2": "-ů",
                "3": "-ům",
                "4": "-e",
                "5": "-i",
                "6": "-ích",
                "7": "-i"
            }
        }
    },
    "soudce": {
        "gender": "masculineAnimate",
        "stem": "soud",
        "endings": {
            "singular": {
                "1": "-ce",
                "2": "-ce",
                "3": "-ci",
                "4": "-ce",
                "5": "-če",
                "6": "-ci",
                "7": "-cem"
            },
            "plural": {
                "1": "-ci",
                "2": "-ců",
                "3": "-cům",
                "4": "-ce",
                "5": "-ci",
                "6": "-cích",
                "7": "-ci"
            }
        }
    },
    "město": {
        "gender": "neuter",
        "endings": {
            "singular": {
                "1": "-o",
                "2": "-a",
                "3": "-u",
                "4": "-o",
                "5": "-o",
                "6": "-ě",
                "7": "-em"
            },
            "plural": {
                "1": "-a",
                "2": "-",
                "3": "-ům",
                "4": "-a",
                "5": "-a",
                "6": "-ech",
                "7": "-y"
            }
        }
    },
    "moře": {
        "gender": "neuter",
        "endings": {
            "singular": {
                "1": "-e",
                "2": "-e",
                "3": "-i",
                "4": "-e",
                "5": "-e",
                "6": "-i",
                "7": "-em"
            },
            "plural": {
                "1": "-e",
                "2": "-í",
                "3": "-ím",
                "4": "-e",
                "5": "-e",
                "6": "-ích",
                "7": "-i"
            }
        }
    },
    "kuře": {
        "gender": "neuter",
        "endings": {
            "singular": {
                "1": "-e",
                "2": "-ete",
                "3": "-eti",
                "4": "-e",
                "5": "-e",
                "6": "-eti",
                "7": "-etem"
            },
            "plural": {
                "1": "-ata",
                "2": "-at",
                "3": "-atům",
                "4": "-ata",
                "5": "-ata",
                "6": "-atech",
                "7": "-aty"
            }
        }
    },
    "stavení": {
        "gender": "neuter",
        "endings": {
            "singular": {
                "1": "-í",
                "2": "-í",
                "3": "-í",
                "4": "-í",
                "5": "-í",
                "6": "-í",
                "7": "-ím"
            },
            "plural": {
                "1": "-í",
                "2": "-í",
                "3": "-ím",
                "4": "-í",
                "5": "-í",
                "6": "-ích",
                "7": "-ími"
            }
        }
    }
}