{
    "hrát": {
        "aspect": "imperfective",
        "stem": "hr"
    },
    "být": {
        "aspect": "imperfective",
        "stem": "js",
        "presentStem": "js",
        "pastStem": "by",
        "futureStem": "bud",
        "imperativeStem": "buď",
        "present": {
            "singular": {
                "1": "-em",
                "2": "-i",
                "3": "je"
            },
            "plural": {
                "1": "-me",
                "2": "-te",
                "3": "-ou"
            }
        },
        "future": {
            "singular": {
                "1": "-u",
                "2": "-eš",
                "3": "-e"
            },
            "plural": {
                "1": "-eme",
                "2": "-ete",
                "3": "-ou"
            }
        },
        "pastParticiple": {
            "masculine": {
                "singular": "-l",
                "plural": "-li"
            },
            "feminine": {
                "singular": "-la",
                "plural": "-ly"
            },
            "neuter": {
                "singular": "-lo",
                "plural": "-la"
            }
        }
    },
    "mít": {
        "aspect": "imperfective",
        "stem": "m",
        "imperativeStem": "měj"
    },
    "jít": {
        "aspect": "imperfective",
        "stem": "jd"
    },
    "chtít": {
        "aspect": "imperfective",
        "stem": "chc",
        "imperativeStem": "chtěj"
    },
    "moci": {
        "aspect": "imperfective",
        "stem": "můž"
    },
    "vědět": {
        "aspect": "imperfective",
        "stem": "ví"
    },
    "umět": {
        "aspect": "imperfective",
        "stem": "um"
    },
    "jíst": {
        "aspect": "imperfective",
        "stem": "jez"
    },
    "dát": {
        "aspect": "perfective",
        "stem": "dej"
    },
    "vzít": {
        "aspect": "perfective",
        "stem": "vez"
    },
    "spát": {
        "aspect": "imperfective",
        "stem": "sp"
    },
    "ležet": {
        "aspect": "imperfective",
        "stem": "lež"
    },
    "sedět": {
        "aspect": "imperfective",
        "stem": "sed"
    },
    "běžet": {
        "aspect": "imperfective",
        "stem": "běž"
    },
    "jet": {
        "aspect": "imperfective",
        "stem": "jed"
    },
    "říct": {
        "aspect": "perfective",
        "stem": "řek"
    },
    "vidět": {
        "aspect": "imperfective",
        "stem": "vid"
    },
    "zvát": {
        "aspect": "imperfective",
        "stem": "zv"
    },
    "pomoci": {
        "aspect": "perfective",
        "stem": "pom"
    },
    "téci": {
        "aspect": "imperfective",
        "stem": "teč"
    },
    "řvát": {
        "aspect": "imperfective",
        "stem": "řv"
    },
    "klást": {
        "aspect": "imperfective",
        "stem": "klad"
    },
    "číst": {
        "aspect": "imperfective",
        "stem": "čt"
    },
    "psát": {
        "inheritsFrom": "trida1",
        "aspect": "imperfective",
        "stem": "psa",
        "pastStem": "psa",
        "presentStem": "píš",
        "futureStem": "píš",
        "imperativeStem": "piš",
        "passiveStem": "psá"
    },
    "nese": {
        "inheritsFrom": "trida1",
        "aspect": "imperfective",
        "stem": "nes",
        "infinitive": "nést",
        "passiveStem": "nese"
    },
    "bere": {
        "inheritsFrom": "trida1",
        "aspect": "imperfective",
        "stem": "ber",
        "infinitive": "brát"
    },
    "maže": {
        "inheritsFrom": "trida1",
        "aspect": "imperfective",
        "stem": "maž",
        "infinitive": "mazat"
    },
    "peče": {
        "inheritsFrom": "trida1",
        "aspect": "imperfective",
        "stem": "peč",
        "infinitive": "péct"
    },
    "umře": {
        "inheritsFrom": "trida1",
        "aspect": "perfective",
        "stem": "umř",
        "infinitive": "umřít"
    },
    "dělá": {
        "inheritsFrom": "trida5",
        "aspect":"imperfective",
        "stem": "děl",
        "pastStem": "děla",
        "infinitive": "dělat"
    }
}