{
    "oko": {
        "inheritsFrom": "město",
        "overrides": {
            "singular": {
                "6": "oku"
            },
            "plural": {
                "1": "oči",
                "2": "očí",
                "3": "očím",
                "4": "oči",
                "5": "oči",
                "6": "očích",
                "7": "očima"
            }
        }
    },
    "chlapec": {
        "inheritsFrom": "muž",
        "overrides": {
            "singular": {
                "5": "-e"
            }
        }
    }
}