{
    "trida1": {
        "present": {
            "singular": {
                "1": "-u",
                "2": "-eš",
                "3": "-e"
            },
            "plural": {
                "1": "-eme",
                "2": "-ete",
                "3": "-ou"
            }
        },
        "pastParticiple": {
            "masculine": {
                "singular": "-l",
                "plural": "-li"
            },
            "feminine": {
                "singular": "-la",
                "plural": "-ly"
            },
            "neuter": {
                "singular": "-lo",
                "plural": "-la"
            }
        },
        "passiveParticiple": {
            "masculine": {
                "singular": "-n",
                "plural": "-ni"
            },
            "feminine": {
                "singular": "-na",
                "plural": "-na"
            },
            "neuter": {
                "singular": "-no",
                "plural": "-na"
            }
        }
    },
    "trida2": {
        "present": {
            "singular": {
                "1": "-nu",
                "2": "-neš",
                "3": "-ne"
            },
            "plural": {
                "1": "-neme",
                "2": "-nete",
                "3": "-nou"
            }
        },
        "pastParticiple": {
            "masculine": {
                "singular": "-l",
                "plural": "-li"
            },
            "feminine": {
                "singular": "-la",
                "plural": "-ly"
            },
            "neuter": {
                "singular": "-lo",
                "plural": "-la"
            }
        },
        "passiveParticiple": {
            "masculine": {
                "singular": "-n",
                "plural": "-ni"
            },
            "feminine": {
                "singular": "-na",
                "plural": "-ny"
            },
            "neuter": {
                "singular": "-no",
                "plural": "-na"
            }
        }
    },
    "trida3": {
        "present": {
            "singular": {
                "1": "-ji",
                "2": "-ješ",
                "3": "-je"
            },
            "plural": {
                "1": "-jeme",
                "2": "-jete",
                "3": "-jí"
            }
        },
        "pastParticiple": {
            "masculine": {
                "singular": "-l",
                "plural": "-li"
            },
            "feminine": {
                "singular": "-la",
                "plural": "-ly"
            },
            "neuter": {
                "singular": "-lo",
                "plural": "-la"
            }
        },
        "passiveParticiple": {
            "masculine": {
                "singular": "-n",
                "plural": "-ni"
            },
            "feminine": {
                "singular": "-na",
                "plural": "-ny"
            },
            "neuter": {
                "singular": "-no",
                "plural": "-na"
            }
        }
    },
    "trida4": {
        "present": {
            "singular": {
                "1": "-ím",
                "2": "-íš",
                "3": "-í"
            },
            "plural": {
                "1": "-íme",
                "2": "-íte",
                "3": "-í"
            }
        },
        "pastParticiple": {
            "masculine": {
                "singular": "-l",
                "plural": "-li"
            },
            "feminine": {
                "singular": "-la",
                "plural": "-ly"
            },
            "neuter": {
                "singular": "-lo",
                "plural": "-la"
            }
        },
        "passiveParticiple": {
            "masculine": {
                "singular": "-n",
                "plural": "-ni"
            },
            "feminine": {
                "singular": "-na",
                "plural": "-ny"
            },
            "neuter": {
                "singular": "-no",
                "plural": "-na"
            }
        }
    },
    "trida5": {
        "present": {
            "singular": {
                "1": "-ám",
                "2": "-áš",
                "3": "-á"
            },
            "plural": {
                "1": "-áme",
                "2": "-áte",
                "3": "-ají"
            }
        },
        "pastParticiple": {
            "masculine": {
                "singular": "-l",
                "plural": "-li"
            },
            "feminine": {
                "singular": "-la",
                "plural": "-ly"
            },
            "neuter": {
                "singular": "-lo",
                "plural": "-la"
            }
        },
        "passiveParticiple": {
            "masculine": {
                "singular": "-n",
                "plural": "-ni"
            },
            "feminine": {
                "singular": "-na",
                "plural": "-ny"
            },
            "neuter": {
                "singular": "-no",
                "plural": "-na"
            }
        }
    }
}